Andrew, Robertson,+44 7067 655283,X919
Ann, Jones,+44 7347 141139,X064
Blair, Foster,+44 7485 739632,X682
Bob, Dawson,+44 7873 818831,X780
Chris, Smith,+44 7711 115758,X782
Dave, Jackson,+44 7259 301878,X316
David, Hunter,+44 7401 749859,X278
Donald, Murray,+44 7853 527915,X720
Fiona, Thoms,+44 7833 996309,X475
Gillian, Hamilton,+44 7794 490414,X386
Harry, Johnston,+44 7129 338200,X857
Helen, Webster,+44 7389 371928,X309
Jack, Houston,+44 7318 878085,X733
Jo, Hill,+44 7630 103874,X285
Joe, Woods,+44 7750 815908,X213
John, Brown,+44 7223 511625,X009
Judy, Hilman,+44 7176 120171,X904
Keith, Burns,+44 7442 153523,X552
Lily, Watson,+44 7344 218599,X121
Lucy, Grey,+44 7248 115993,X025
Mary, Brown,+44 7883 536775,X198
Pamela, Field,+44 7237 766480,X521
Peter, White,+44 7476 924112,X036
Robert, Murray,+44 7149 433822,X606
Susan, Turner,+44 7818 395858,X214
Thomas, Young,+44 7088 303370,X507
Tim, Smith,+44 7653 357760,X020
Tony, Lawson,+44 7638 348265,X086
Ursula, Milton,+44 7929 844600,X746
Viola, Nicholson,+44 7663 603940,X540
